Akan tetapi ternyata Mandor Bacan tetap tidak kapok untuk membalas dendam kepada Murtado. Mandor Bacan dan Bek Lihun kemudian mendatangkan tiga pembunuh bayaran dari daerah Kebayoran Lama. ketiga pembunuh bayaran itu bernama Boseh, Kepleng, dan Boneng. Mereka dibayar untuk membunuh Murtado.;1
Malam itu Murtado sedang tidur di rumahnya. Ketiga pembunuh bayaran itu menyelinap masuk ke dalam rumah Murtado. Tetapi Murtado menyadari kedatangan tiga pembunuh bayaran itu. Ia mengatur siasat untuk mengalahkan musuhnya. Ia mematikan lampu sehingga ketiga pembunuh bayaran itu kebingungan untuk menyerang Murtado. Kebingungan itu membuat Kepleng salah mengarahkan goloknya. Ia mengira bahwa orang yang berada di depannya adalah Murtado. Ternyata orang itu adalah Boseh. Dengan keahlian bela dirinya, Murtado dapat mengalahkan Kepleng dan Bonong.;1
Ketika itu, daerah Kemayoran sedang terancam oleh kelakuan segerombol perampok yang dipimpin oleh Warsa. Selain merampok, mereka juga tidak segan untuk membunuh rakyat. Murtado terpanggil untuk menghentikan kekejaman Warsa dan gerombolannya. Ditemani Saomin dan Sarpin, Murtado pun pergi mencari Warsa.;1
Akhirnya Bang Maman meminta bantuan Patme supaya berpura-pura menjadi istri simpanan Salim. Patme setuju atas permintaan Bang Maman. Kemudian Patme datang ke rumah Salim dan berbicara dengan Ijah. Patme mengaku sebagai istri Salim. Patme dan Ijah bertengkar. Ijah merasa kecewa dan marah kepada Salim.;1
Perempuan itu masuk ke bilik kamar. Sekarang sudah senja. Waktunya bekerja. Dia sudah berusaha menguburkan keletihannya di pagi hari tadi. Hanya saja rasa letih itu seakan-akan sudah menjadi bagian dari kehidupannya. Beban yang berat membawanya untuk masuk lebih dalam ke bilik kamar yang hanya ditutupi oleh kain. Bilik itu bagian belakang dari sebuah warung remang-remang di pinggiran kota. Tempat di mana dia sekarang membanting tulang demi hidupnya dan keluarganya di sebuah kampung. Di dalam bilik itu sudah menunggu seorang lelaki yang menyambutnya dengan sebuah pertanyaan.;1
Bertahun silam, seorang mandor penebangan kayu melihatnya sedang mandi di sebuah telaga. Akhirnya terjadilah peristiwa yang merenggut kegadisannya sekaligus menimbulkan tumbuhnya janin di perutnya. Dia tadinya tidak bisa terima. Begitu lahir, bayi itu ditinggalkannya dengan kedua orangtuanya sementara dia lari ke kota. Kini dia sadar harus berbuat sesuatu untuk menghidupi anak yang pernah dikandungnya. Walau bagaimanapun dia adalah darah dagingnya. Dia ibu dari anak itu. Dari tempat paling hina di dunia ini, warung remang-remang tempat dia menjajakan badan, dia selalu diingatkan pada hal itu. Apapun. Apapun harus ia lakukan demi kehidupannya dan anak itu.;1
"Kamu cantik sekali. Marilah dekat ke sini. Suara itu membuyarkan lamunannya. Pada awalnya dia tampak ragu untuk meladeni rayuan lelaki itu. Akan tetapi sebentar tadi, masa lalu yang kelam sudah menyeretnya pada sebuah kesadaran; dia ingin melupakan kepahitan hidupnya. Melupakan deritanya pada sosok lelaki yang menistakan dirinya, pada sosok jabang bayi yang meruak dari celah selangkangannya, pada kesadaran bawa dia adalah perempuan yang sewaktu-waktu mudah dihempas oleh jerat nafsu. Kali ini, dia membulatkan tekad untuk berkuasa sepenuhnya pada daya tubuhnya. Hanya itu yang dia punya. Hanya itu. Maka...";1
Bergairahlah lelakiku. Aku ingin sekali menyempurnakan keinginanmu.;1
Lelaki itu tersenyum lebar. Dia mengulurkan segelas minuman pada perempuan itu yang segera disambut dan dituntaskan dalam satu tegukan. Mereka tenggelam dalam pelukan dan ciuman.;1
Tanggung jawab terhadap keluarga. Contoh: seorang ibu hidup dengan tiga anak. karena suaminya meninggal dia harus bekerja untuk memenuhi kebutuhan hidup anak-anaknya. walaupun harus menjadi pelacur sekalipun. karena demi memberikan kehidupan dan bertanggung jawab atas ketiga anaknya.;1
Seorang perempuan muda datang menghadap. Kabayan mengamati perempuan itu. Wajahnya cantik sekali, tak kalah dengan artis sinetron. Pantas saja kalau ia menjadi istri simpanan pejabat. Kabayan sendiri, kalau jadi pejabat, mungkin berpikir untuk menjadikannya selingkuhan. Ah... Kabayan, otakmu ngeres. Pantas saja tuhan tidak memercayaimu jadi pejabat. Kalau jadi, mungkin kamu tak akan mampu menjalaninya dengan baik. Kamu akan mudah tergoda tiga penyakit pejabat, yaitu harta, tahta, dan wanita.;1
"Sampai saat ini belum sih, tapi lihat tubuh saya! Jawab Tamu Kabayan sambil memperlihatkan tubuhnya yang subur. ""Tubuh saya makin tak seksi. Suatu waktu saya benar-benar tak seksi. Suami saya pasi tak akan suka lagi sama saya. Jadi, tolong bantu saya, kuruskan tubuh ini.""";1
Menit demi menit berlalu dan mataku masih tak bisa terpejam. Aku menyilangkan kakiku kuat-kuat pada guling. Iseng-iseng, aku menggerakkan tubuhku naik turun. Eh, ternyata asyik juga rasanya. Jantungku berdebar, tapi aku senang.;1
Aku menemukan permainan baru yang mengasyikkan. Sesekali, aku memasukkan tanganku ke dalam celana. Aku mengulang. Lagi dan lagi.;1
Kasuari memiliki badan besar dan sayap lebar. Dia mampu terbang tinggi. Namun, Kasuari amat serakah. Dia memetik banyak sekali buah yang telah masak. Buah-buahan itu  disembunyikan di bawah sayap- nya sehingga burung-burung lain tidak kebagian. Burung-burung lain mengetahui keserakahan Kasuari. Oleh karena itu, tidak seekor burung pun mau berteman dengannya. Meski demikian, Kasuari tidak memedulikannya.;0
Lama-kemalaan Kasuari semakin serakah. Tidak hanya buah-buahan di pohon saja yang diambilnya, tetapi juga buah-buahan yang jatuh ke tanah. Burung-burung lain pun jengkel. Mereka mencari cara agar Kasuari sadar dari sifat serakahnya. ”Bagaimana jika lomba terbang? Siapa yang mampu terbang tinggi dan paling jauh, dialah pemenangnya. Kalau Kasuari kalah, dia tidak boleh mencurangi kita lagi,” usul Dara Makota.;0
”Siapa yang bisa melawan Kasuari? Badannya besar. Sayapnya lebar. Sekali mengepakkan sayap, dia pasti bisa terbang jauh. Kita tidak akan menang,” jawab Pipit pesimis. ”Ingat, kita harus menggunakan akal. Serahkan semuanya kepadaku. Aku akan melawannya dalam perlombaan ini,” kata Dara Makota sambil tersenyum. Dia berusaha meyakinkan teman-temannya. Teman-teman Dara Makota saling berpandangan. Mereka bertanyatanya dalam hati. Mungkinkah Dara Makota yang bertubuh kecil dapat mengalahkan Kasuari yang besar? Dara Makota menyampaikan tantangannya kepada Kasuari. Kasuari menyetujui tantangan Dara Makota.;0
Saat pertandingan tiba, semua burung hadir untuk menyaksikan. Dengan sombongnya Kasuari menertawakan Dara Makota. ”Sudahlah, kamu menyerah saja daripada mendapat malu,” ejek Kasuari. Dara Makota bergeming. ”Siapa yang tertawa belakangan, dia yang menang,” sahut Dara Makota. Kasuari dan Dara Makota pun bertanding. Mereka melesat dengan kencang. Kasuari terbang cepat sekali. Sesekali Kasuari menoleh Dara Makota yang berada di belakangnya. Dia takut jika Dara Makota menyusulnya. Saat asyik menoleh, tiba-tiba... BRAAK.... Kasuari menabrak batang pohon. Sebelah sayapnya pun patah. Semua yang hadir tertegun, tetapi Kasuari tak mau menyerah. Dia berusaha bangkit dan mengepakngepakkan sayapnya. Sayangnya, dia terus terjatuh dan menggelepar di tanah. ;0
Sementara itu, Dara Makota terus melesat jauh meninggalkan Kasuari. Kasuari hanya dapat memandang Dara Makota dengan rasa malu. Sekarang dia baru tahu rasanya menjadi makhluk lemah. Selama ini dia selalu merasa menjadi burung terhebat. Namun, dalam sekejap dia tidak mampu terbang lagi. Beberapa burung lain turun ke tanah. Mereka membantu Kasuari. Kasuari semakin malu karena selama ini dia telah mencurangi mereka. Sejak saat itu, Kasuari sadar dan mengubah perilakunya. Namun sayang sekali, sejak saat itu pula Kasuari tidak bisa terbang lagi. Dia harus mencari makan di tanah.;0
Putri Tangguk tinggal bersama suami dan ketujuh anaknya di daerah Jambi. Putri Tangguk memiliki sepetak sawah yang ditanami padi. Anehnya, setiap selesai panen, padinya selalu muncul dan siap untuk dipanen kembali. Bahkan, ketujuh lumbung Putri Tangguk hampir penuh untuk menampung hasil panennya. Saat panen terakhir, Putri Tangguk mengajak suami dan semua anaknya ke sawah. Mereka memasukkan hasil panen ke gerobak. ”Panen sudah selesai. Sepertinya, persediaan padi kita sudah cukup untuk beberapa bulan,” kata Putri Tangguk. Kemudian, mereka mendorong gerobak bersama-sama.;0
Di tengah perjalanan, Putri Tangguk jatuh terpeleset. ”Aduuuuh...,” teriak Putri Tangguk. ”Hati-hati, Bu. Semalam hujan deras. Jalannya menjadi licin,” kata suami Putri Tangguk sambil membantunya berdiri. ”Gara-gara hujan, jalannya licin. Perjalanan ke rumah masih jauh, bisa-bisa aku terjatuh lagi,” gerutu Putri Tangguk. Putri Tangguk mengambil padi dari gerobaknya. Kemudian, padi ditebar di jalan. Melihat perilaku ibunya, si anak sulung pun bertanya. ”Apa yang Ibu lakukan? Mengapa Ibu membuang padi itu ke jalan?” ”Ibu tidak membuang padi. Padi ini Ibu gunakan sebagai pengganti pasir. Ibu menebarnya agar jalan ini tidak licin lagi,” jawab Putri Tangguk.;0
”Istriku, bukankah padi itu untuk kita makan? Tidak baik rasanya jika membuang-buang makanan,” nasihat suami Putri Tangguk. Putri Tangguk tidak mengindahkan nasihat suaminya. Bahkan, Putri Tangguk membantahnya. ”Masa bodoh. Bukankah padi kita sudah banyak. Apa kau mau aku terjatuh lagi dan tulangku patah?” bantah Putri Tangguk sambil terus menebar padi ke jalan. Setelah panen terakhir, Putri Tangguk tidak pernah kembali ke sawah. Ia berada di rumah untuk merawat ketujuh anaknya.;0
Suatu malam anak bungsu Putri Tangguk merengek karena lapar. Akhirnya, Putri Tangguk ke dapur untuk mengambil nasi. Alangkah terkejutnya ketika ia mendapati pancinya kosong. ”Mengapa panci ini kosong? Bukankah tadi masih tersisa sedikit nasi?” tanya Putri Tangguk dalam hati. Karena si bungsu terus merengek, Putri Tangguk pun memutuskan untuk menanak nasi. Namun, Putri Tangguk kembali terkejut ketika mendapati beras yang ia simpan dalam kaleng juga menghilang. ”Ke mana perginya beras itu? Aku ingat masih banyak beras di sini sebelumnya. Jangan-jangan ada orang yang mencurinya,” kata Putri Tangguk. Kemudian, Putri Tangguk membujuk anak bungsunya untuk tidur. Besok ia berencana untuk menumbuk padi yang disimpan di lumbungnya.;0
agi harinya Putri Tangguk terkejut mendengar teriakan suaminya. ”Istriku...istriku...cepat kemari,” teriak suami Putri Tangguk. Putri Tangguk segera berlari menemui suaminya. Ia menghampiri suaminya yang berada di depan pintu lumbung. Ia pun bertanya kepada suaminya. ”Ada apa suamiku?” tanya Putri Tangguk dengan cemas. ”Aku tidak tahu, istriku. Lumbung ini sudah kosong saat aku membukanya,” jawab suami Putri Tangguk. Putri Tangguk dan suaminya bergegas memeriksa lumbung yang lain. Betapa terkejutnya mereka ketika mendapati ketujuh lumbungnya telah kosong. Putri Tangguk pun menangis. ”Apa yang terjadi padaku? Tadi malam nasi dan beras hilang. Sekarang padi di lumbung pun juga ikut menghilang,” jerit Putri Tangguk.;0
”Jangan cemas, istriku. Bukankah kita masih memiliki sawah. Besok kita ke sawah. Siapa tahu padinya telah menguning,” hibur suami Putri Tangguk. Keesokan paginya Putri Tangguk mengikuti suaminya ke sawah dengan cemas. Setibanya di sawah, tangis Putri Tangguk semakin keras karena mendapati sawahnya telah berubah menjadi semak belukar. Putri Tangguk menagis seharian. Bahkan, ia tidak mau pulang dan menunggui sawahnya hingga tertidur. Dalam mimpinya, Putri Tangguk didatangi segerombolan padi yang dapat berbicara. ”Hai, Putri Tangguk. Inilah buah dari kesombonganmu. Masih ingatkah engkau ketika membuang kami ke jalan?” tanya padi-padi itu. ”Kau telah menghina kami. Kau telah menjadikan kami pasir untuk alas jalanmu. Kami ini dipanen untuk dimakan, bukan untuk dibuang sembarangan. Dengan membuang kami, berarti kamu tidak membutuhkan kami untuk makananmu,” kata padi-padi itu lagi. Putri Tangguk hanya bisa diam dan tidak menjawab. Ia menyesali kebodohannya. Ia pun memohon maaf kepada padi-padi itu.;0
”Tak bisakah kalian memaafkanku? Aku telah menyesali perbuatanku,” kata Putri Tangguk sambil menangis. ”Sekarang kau dan keluargamu harus bekerja keras. Bersihkan sawah ini, bajaklah, lalu tanamlah kami kembali. Setelah tiga bulan, barulah kalian dapat memanen kami kembali,” jawab padi-padi itu. Ketika Putri Tangguk ingin menjawab, ia tersentak bangun dari tidurnya. Putri Tangguk pun kembali pulang. Kemudian, ia menceritakan mimpinya kepada suaminya. Keesokan harinya keluarga Putri Tangguk bergotong royong membersihkan sawah dan menanam padi. Ia dan keluarganya merawat sawah dan menjaga padinya dengan baik. Mereka menunggu dengan sabar hingga padi yang mereka tanam siap dipanen. Putri Tangguk juga berjanji tidak akan menyia-nyiakan sebutir padi pun hasil panen dari sawahnya.;0
Suatu sore Si Pitung melihat kelakuan anak buah Babah Liem yang sewenang-wenang. Babah Liem adalah tuan tanah di daerah tempat tinggal Si Pitung. Dia dan anak buahnya sering merampas harta rakyat dan menarik pajak tinggi. Sebagian hasil rampasan itu diberikan kepada pemerintah Belanda.;0
Si Pitung bertekad untuk melawan anak buah Babah Liem. Kemudian, dia berguru kepada Haji Naipin, seorang ulama yang juga pandai ilmu bela diri. Si Pitung cepat menguasai semua ilmu yang diajarkan oleh Haji Naipin. ”Pitung, gunakan ilmu yang kuberikan untuk membela orangorang yang tertindas. Jangan sekali-kali kau gunakan ilmumu ini untuk menindas orang lain,” pesan Haji Naipin.;0
Sekarang Si Pitung sudah siap melawan anak buah Babah Liem. Dia menghentikan ulah anak buah Babah Liem yang sedang merampas harta rakyat jelata. ”Heh, Anak Muda! Siapa kau? Beraninya menghentikan kami!” tanya salah satu anak buah Babah Liem. ”Kalian tak perlu tahu siapa aku. Yang jelas, aku akan menghentikan ulah kalian selamanya,” jawab Si Pitung. Anak buah Babah Liem menyerang Si Pitung. Namun, Si Pitung bisa mengalahkan mereka semua.;0
Sejak saat itu, nama Si Pitung terkenal di kalangan penduduk. Si Pitung memutuskan untuk mengabdikan hidupnya pada rakyat jelata. Dia bertekad untuk mengambil kembali hak yang sudah dicuri oleh tuan tanah dan mengembalikannya kepada rakyat. Dia mengajak beberapa temannya untuk bergabung dengannya.;0
Kelakuan Si Pitung tidak disukai oleh tuan tanah dan juga pemerintah Belanda. Mereka mengeluarkan perintah untuk menangkap Si Pitung. Namun, Si Pitung amat cerdik. Dia selalu berpindah tempat sehingga pemerintah Belanda dan juga tuan tanah tidak bisa menangkapnya. Karena kesal, pemerintah Belanda menggunakan cara licik.;0
Mereka menangkap Pak Piun, ayah Si Pitung dan Haji Naipin. Salah satu pejabat pemerintah Belanda yang bernama Schout Heyne mengumumkan bahwa jika Si Pitung tak menyerah, Pak Piun dan Haji Naipin akan dihukum. Si Pitung mendengar berita tentang penangkapan ayah dan gurunya itu. Kemudian, dia menghadap Schout Heyne dan menyerahkan diri. Dia tak mau ayah dan gurunya menderita. ”Pitung, kau telah meresahkan banyak orang dengan kelakuanmu itu. Untuk itu, kau harus dihukum tembak,” kata Schout Heyne. ”Kau tidak keliru? Bukannya kau dan tuan tanah itu yang meresahkan orang banyak? Aku tidak takut dengan ancamanmu!” jawab Si Pitung. Schout Heyne benar-benar melaksanakan ancamannya. Si Pitung dihukum tembak. Hidup Si Pitung berakhir di ujung peluru. Namun, kisah kepahlawanannya tetap dikenang. Si Pitung, si pahlawan rakyat jelata.;0
Roro Jonggrang adalah seorang putri dari Kerajaan Prambanan. Raja Prambanan, ayah Roro Jonggrang gugur dalam pertarungan melawan Bandung Bondowoso dari Kerajaan Pengging. Akibatnya, Bandung Bondowoso menguasai Kerajaan Prambanan. Bandung Bondowoso yang tamak menginginkan Roro Jonggrang sebagai permaisurinya. Roro Jonggrang yang tidak mau diperistri oleh Bandung Bondowoso pun mengajukan sebuah syarat.;0
”Aku bersedia menjadi permaisurimu, Bandung Bondowoso. Tetapi, ada syarat yang harus kau penuhi. Jika berhasil, aku akan menikah denganmu. Namun, jika kau gagal izinkan aku pergi,” kata Roro Jonggrang. ”Apa pun yang kau minta akan aku penuhi, Roro Jonggrang. Jika aku gagal memenuhinya, aku akan mengembalikan kerajaan ini kepadamu,” sahut Bandung Bondowoso angkuh. ”Aku minta kau membangun seribu candi untukku. Semua harus selesai sebelum matahari terbit esok.” Sahut Roro Jonggrang.;0
”Baiklah, aku pasti berhasil memenuhi syarat yang kau buat.” Jawab Bandung Bondowoso angkuh. Bandung Bondowoso meminta bantuan pasukan jin untuk membangun seribu candi. Dalam sekejap, bangunan candi mulai tampak. Roro Jonggrang panik, dia mengadu kepada Bi Sumi, dayang kepercayaannya. Bi Sumi mempunyai ide untuk menggagalkan pekerjaan Bandung Bondowoso. Dia segera memerintahkan para dayang untuk menumbuk lesung dan membakar jerami. Suara lesung bertalu-talu dan semburat api yang memerah di langit membuat suasana seperti pagi hari. Ayam-ayam jantan berkokok bersahut-sahutan. Mendengar kokok ayam jantan, pasukan jin terkejut. ”Hari sudah pagi, kami harus pergi.” Teriak pasukan jin sambil bergegas meninggalkan Bandung Bondowoso dan candi-candi yang telah mereka bangun.;0
Roro Jonggrang mendatangi Bandung Bondowoso. Roro Jonggrang segera menghitung candi-candi yang sudah selesai. ”Candi-candi ini hanya ada 999. Kurang satu candi.” Kata Roro Jonggrang kepada Bandung Bondowoso. Bandung Bondowoso tidak percaya dengan perkataan Roro Jonggrang. Dia segera menghitung banyak candi dan ternyata memang benar hanya ada 999 candi. Bandung Bondowoso marah besar. ”Aku tidak akan kalah, Roro Jonggrang. Aku akan mendapatkan seribu candi seperti yang kau inginkan.”;0
”Kenyataannya candi yang kau buat kurang satu, Bandung Bondowoso. Kau tetap harus menepati janjimu.” Sahut Roro Jonggrang. ”Kalau begitu, akan kuubah kau menjadi candi keseribu.” Dengan kesaktiannya, Bandung Bondowoso mengubah Roro Jonggrang menjadi patung batu. Patung itulah yang menjadi candi keseribu. Candi-candi itu hingga kini masih berdiri tegak di wilayah Prambanan.;0
Manik Angkeran adalah putra Sidhimantra, seorang Brahmana. Manik Angkeran dan ayahnya tinggal di Kerajaan Daha, Bali saat Pulau Bali belum terpisah dengan Pulau Jawa. Manik Angkeran suka sekali menghambur-hamburkan harta orang tuanya. Berulang kali Sidhimantra menasihati anaknya. Namun, Manik Angkeran tidak mau mendengarkan nasihat ayahnya. Harta orang tuanya pun dihabiskan. Bahkan, dia berani berutang kepada orang lain. Pada akhirnya Manik dikejar-kejar penagih utang. Sidhimantra tidak tega. Hartanya sudah habis, tapi Sidhimantra tidak mau anaknya celaka.;0
Suatu saat, Sidhimantra mendapat petunjuk lewat mimpi untuk meminta pertolongan pada Naga Besukih di Gunung Agung. Naga Besukih adalah naga hijau besar, ekornya penuh dengan emas dan permata. Sidhimantra segera bergegas untuk menemui Naga Besukih di Gunung Agung. Sidhimantra menjelaskan maksud kedatangannya kepada Naga Besukih. Sidhimantra meminta sedikit harta untuk membayar utangutang Manik Angkeran. Naga Besukih bersedia untuk membagi sebagian hartanya. Naga Besukih mulai menggoyang-goyangkan ekornya, seketika beberapa emas dan permata pun rontok.;0
Sayangnya, harta yang didapat ayahnya kembali digunakan Manik Angkeran untuk berfoya-foya. Manik Angkeran yang kehabisan harta akhirnya mencari tahu tempat ayahnya mendapat harta. Seseorang memberitahunya bahwa Sidhimantra memperoleh harta dari Naga Besukih. Manik Angkeran segera menemui Naga Besukih di Gunung Agung seperti yang telah dilakukan ayahnya. ”Naga Besukih, sudilah kiranya kau bagi sedikit hartamu untuk membayar utang-utangku,” kata Manik Angkeran kepada Naga Besukih. ”Aku sudah memberi ayahmu, Sidhimantra emas dan permata. Apakah itu masih kurang?” kata Naga Besukih sedikit kesal.;0
”Aku mohon, beri aku sedikit lagi hartamu Naga Besukih yang murah hati,” mohon Manik Angkeran kepada Naga Besukih. ”Baiklah, aku akan mengabulkan permintaanmu, asal kau berjanji tidak akan berfoya-foya lagi,” kata Naga Besukih. Naga Besukih akhirnya luluh. Dia mulai menggoyangkan ekornya. Manik Angkeran silau melihat begitu banyak emas dan permata yang menempel di ekor Naga Besukih.;0
Dia segera memotong ekor Naga Besukih dengan pedang. Namun, Naga Besukih berhasil menghindar. Dia segera menyemburkan api dari mulutnya sehingga Manik Angkeran terbakar menjadi abu. Sidhimantra yang melihat kejadian itu segera memohon kepada Naga Besukih untuk menghidupkan kembali Manik Angkeran. ”Wahai Naga Besukih, sudikah kau menghidupkan kembali anakku Manik Angkeran? Beri dia kesempatan untuk memperbaiki diri,” mohon Sidhimantra. ”Aku akan menghidupkan Manik Angkeran lagi. Tapi dengan satu syarat, Manik Angkeran tidak boleh pulang bersamamu. Dia harus tinggal bersamaku dan menjadi muridku. Aku akan mengajarkan dia menjadi orang yang baik dan berilmu.” Kata Naga Besukih sambil menghela napas.;0
”Baiklah, Naga Besukih. Aku serahkan anakku kepadamu untuk dididik menjadi anak yang baik,” jawab Sidhimantra. Akhirnya, Manik Angkeran hidup kembali. Sidhimantra segera mengeluarkan tongkat dan membuat garis memisahkan dirinya dan anaknya. Garis itu mengeluarkan air yang deras dan memisahkan Gunung Agung dengan sekitarnya. Sampai sekarang, garis itu dikenal sebagai Selat Bali yang memisahkan Pulau Jawa dan Pulau Bali.;0
Hari itu, Ki Sapa Wira bersiul riang. Seperti biasa, ia akan memandikan gajah milik junjungannya, Sultan Agung, raja Kerajaan Mataram. Dengan hati-hati, Ki Sapa Wira menuntun gajah yang dinamai Kyai Dwipangga itu. Mereka berjalan ke sungai yang terletak di dekat Keraton Mataram. Mulailah ia memandikan gajah yang berasal dari negeri Siam itu.;0
“Nah, sekarang kau sudah bersih. Rambutmu sudah mengilap, sekarang ayo kembali ke kandangmu,” kata Ki Sapa Wira kepada Kyai Dwipangga. Ki Sapa Wira memang memperlakukan Kyai Dwipangga seperti anaknya sendiri. Tak heran, Kyai Dwipangga amat patuh padanya.;0
Ki Sapa Wira memang memperlakukan Kyai Dwipangga seperti anaknya sendiri. Tak heran, Kyai Dwipangga amat patuh padanya. Suatu hari, Ki Sapa Wira tak bisa memandikan Kyai Dwipangga. Ada bisul besar di ketiaknya, rasanya ngilu sekali. Badannya juga demam karena bisul itu. Ia meminta tolong pada adik iparnya, Ki Kerti Pejok, untuk menggantikan memandikan Kyai Dwipangga. “Kerti, tolong aku ya. Aku benar-benar tak bisa bekerja hari ini,” kata Ki Sapa Wira. “Tenang Kang, aku pasti akan membantumu. Tapi tolong beritahu, bagaimana caranya supaya gajah itu menurut padaku? Aku takut jika nanti ia marah dan menyerangku,” jawab Ki Kerti Pejok.;0
“Biasanya kalau ia mulai gelisah, pantatnya aku tepuk-tepuk, lalu aku tarik ekornya. Nanti ia akan kembali tenang dan berendam sendiri di sungai. Kau tinggal memandikannya,” jelas Ki Sapa Wira. Ki Kerti Pejok mengangguk-angguk tanda mengerti. Ia lalu berangkat ke sungai untuk memandikan Kyai Dwipangga. Sepanjang perjalanan Ki Kerti Pejok mengajak Kyai Dwipangga mengobrol. Ia juga membawa buah-buahan sebagai bekal dalam perjalanan. “Gajah gendut, kau mau makan kelapa?” tanyanya sambil melemparkan sebutir kelapa pada Kyai Dwipangga. Kyai Dwipangga menangkap kelapa itu dengan belalainya. Dengan mudah ia memecah kelapa itu dan memakannya. “Sekarang kau sudah kenyang, kan? Ayo jalan lagi,” kata Ki Kerti Pejok sambil memukul pantat Kyai Dwipangga.;0
Sesampainya di sungai, Ki Kerti Pejok melaksanakan tugasnya dengan mudah. Digosoknya seluruh bagian tubuh Kyai Dwipangga sampai bersih dan berkilap. Setelah itu mereka pulang ke keraton Mataram. “Kang, hari ini aku sudah melaksanakan tugasku dengan baik. Apa besok Kakang masih memerlukan bantuanku?” tanya Ki Kerti Pejok pada Ki Sapa Wira. “Jika kau tak keberatan, maukah kau memandikannya sekali lagi? Aku masih demam, sedangkan gajah itu harus dimandikan setiap hari,” jawab Ki Sapa Wira. “Baik Kang, aku tidak keberatan. Toh gajah itu sangat penurut. Jadi, aku tak kesulitan saat memandikannya,” kata Ki Kerti Pejok. “Terima kasih Kerti, lusa aku pasti sudah sembuh. Kau akan bebas dari tugas ini,” kata Ki Sapa Wira.;0
Keesokan harinya, Ki Kerti Pejok menjemput Kyai Dwipangga. Pagi itu hujan turun rintik-rintik, tapi sepertinya tak akan bertambah deras. Di sungai Ki Kerti Pejok bimbang karena dilihatnya air sungai sedang surut. “Wah, airnya dangkal sekali. Mana bisa gajah ini berendam? Aku sendiri saja tak bisa, apalagi gajah yang besar?” pikirnya dalam hati. “Gajah gendut, kita cari sungai yang lain saja. Sungai ini dangkal, kau tak akan bisa berendam di sini.”;0
Ki Kerti Pejok menuntun Kyai Dwipangga ke hilir sungai. Di situ air tampak tinggi dan aliran juga cukup deras. “Nah, di sini sepertinya lebih asyik. Ayo, sana masuk, berendamlah. Aku akan menggosok punggungmu dengan daun kelapa ini,” kata Ki Kerti Pejok sambil memukul pantat Kyai Dwipangga. Sambil memandikan Kyai Dwipangga, Ki Kerti Pejok berpikir dalam hati. “Sebaiknya aku beritahu Kakang untuk memandikan gajahnya di sini. Disini airnya lebih dalam, arusnya juga cukup deras. Aneh, kok selama ini Kanjeng Sultan Agung tak tahu keberadaan sungai ini, ya?”;0
Saat ia sibuk berbicara sendiri, tiba-tiba dari arah hulu datanglah banjir bandang yang sangat besar. Banjir itu datang dengan sangat cepat. Ki Kerti Pejok dan Kyai Dwipangga bahkan tak menyadarinya. Dalam sekejap, mereka terhempas dan terbawa arus. “Tolong... tolonggg...,” teriak Ki Kerti Pejok. Tapi tak ada yang mendengar. Sungguh menyedihkan nasib Ki Kerti Pejok dan Kyai Dwipangga. Mereka terseret arus dan hanyut sampai ke Laut Selatan.;0
Sungguh sangat disayangkan, mereka binasa dalam keganasan banjir bandang itu. Ki Kerti Pejok tak tahu bahwa selama ini Sultan Agung memang melarang para abdinya memandikan gajah di hilir sungai. Karena ia tahu bahaya bisa datang sewaktu-waktu di sana. Ki Sapa Wira berduka. Ia sangat sedih karena kehilangan adik ipar dan gajah kesayangannya. Untuk mengenang kejadian itu, Sultan Agung menamakan sungai itu Kali Gajah Wong. Kali berarti sungai, gajah wong berarti gajah dan orang. Kali Gajah Wong ini terletak di sebelah timur Kota Yogyakarta.;0
Panglima Wire adalah panglima perang dari Desa Kramuderu yang gagah berani. Panglima Wire mempunyai seorang putra bernama Caadara. Caadara kecil memiliki bakat dalam ilmu bela diri dan ketangkasan. Panglima Wire melatih Caadara dengan harapan Caadara dapat menggantikannya kelak. Caadara tumbuh menjadi pemuda tangkas dalam ilmu bela diri dan berburu. Panglima Wire ingin menguji kemampuan anaknya. Dia merasa sudah saatnya Caadara menjadi panglima perang menggantikan Panglima Wire.;0
Panglima Wire mengutus Caadara untuk pergi berburu selama beberapa hari. Dia meminta Caadara membawa binatang hasil buruannya sebagai tanda bahwa Caadara telah menguasai semua ilmu yang diajarkan oleh Panglima Wire. Caadara mematuhi perintah Panglima Wire. Dia segera berangkat ke hutan bersama beberapa temannya. Perjalanan mereka melewati hutan yang lebat dan bukit yang terjal.;0
Setelah menempuh perjalanan berat, Caadara dan teman-temannya berhasil memperoleh binatangbinatang buruan. Mereka melanjutkan perjalanan pulang. Saat perjalanan pulang, Caadara dan teman-temannya bertemu anjing pemburu. Anjing pemburu adalah penanda adanya sekelompok orang asing yang bisa mencelakai mereka. Caadara dan teman-temannya segera menyusun rencana, mereka bersembunyi sambil menyiapkan seluruh senjata yang mereka punya.;0
Tidak lama berselang, terdengar pekikan tanda permusuhan. Ternyata benar, pekikan itu berasal dari suku Kuala yang mengajak berperang. Caadara memerintahkan teman-temannya pergi ke bukit yang tinggi dan membentuk benteng pertahanan. Tetapi peperangan tidak terelakkan lagi. Caadara dan teman-temannya berperang dengan suku Kuala. Pekikan mengerikan di sela suara senjata-senjata yang beradu tidak henti-hentinya terdengar. Namun, Caadara tidak gentar. Dia berhasil mengalahkan pasukan suku Kuala. Berkat petunjuk Caadara, teman-temannya pun berhasil mengalahkan musuh.;0
”Kamu hebat Caadara. Kamu pantas menjadi panglima perang kami.” Kata teman Caadara. ”Kami akan mengusulkan kepada Panglima Wire untuk mengangkatmu menjadi panglima perang yang baru.” Sahut seorang teman Caadara lainnya. ”Jujur saja aku tidak mengincar jabatan, teman-teman. Aku hanya ingin melakukan yang terbaik untuk desa kita.” Kata Caadara rendah hati. Caadara dan teman-temannya kembali ke Desa Kramuderu dengan selamat.;0
Cerita tentang keberhasilan mereka mengalahkan suku Kuala segera terdengar oleh Panglima Wire. Panglima Wire sangat bangga kepada Caadara. Dia meminta Caadara menyusun siasat perang untuk berjaga-jaga jika suatu saat suku Kuala kembali menyerang mereka. Caadara segera menyusun siasat perang. Siasat perang ini dinamakan Caadara Ura. Siasat perang Caadara Ura meliputi cara melempar senjata, menyerbu lawan, mempertahankan diri, dan seni bela diri jarak dekat. Caadara pun menggantikan ayahnya sebagai panglima perang Desa Kramuderu.;0
Di suatu daerah di Papua tinggal seorang anak laki-laki bernama Kweiya. Kweiya tinggal bersama ibu dan adik-adik tirinya. Adik-adik tiri Kweiya tidak menyukai Kweiya. Mereka menjebak Kweiya sehingga dia tersesat di hutan. Kweiya yang tersesat di hutan mencoba untuk bertahan hidup. Dia membangun rumah kayu sederhana dan berburu. Kulit binatang hasil buruannya dia pintal menjadi benang. Kweiya berencana untuk membuat sayap dari benang pintalannya.;0
Setelah Kweiya pergi, ibunya sangat sedih. Adik-adik Kweiya berbohong bahwa Kweiya pergi karena tidak mau tinggal bersama mereka lagi. Ibu Kweiya tidak percaya. Ibu Kweiya berusaha mencari tahu kebenarannya. Adik bungsu Kweiya yang jujur memberitahu ibu kebenarannya. ”Bu, kak Kweiya tidak meninggalkan kita. Dia dijebak oleh kakak-kakak sehingga tersesat di hutan.” Jelas adik bungsu Kweiya. ”Benarkah yang kau katakan itu anakku? Kalau begitu ibu harus mencari Kweiya,” sahut ibu Kweiya. Ibu Kweiya segera pergi ke hutan.;0
Dia berjalan tanpa kenal lelah sambut terus memanggil-manggil Kweiya sekuat tenaga. Tidak ada sahutan. Sampai akhirnya ibu Kweiya melihat seekor burung muncul dari pepohonan. Eee… eee… eee…. Begitu suara burung yang muncul di hadapan ibu Kweiya. Ibu Kweiya terkejut, ternyata burung itu adalah Kweiya yang menyelipkan pintalan benang di bawah lengannya. Kweiya telah berubah wujud menjadi seekor burung yang indah. Ibu Kweiya mengikuti Kweiya dan mengambil sejumput pintalan benang. Ibu Kweiya menyelipkan pintalan benang di bawah lengannya seperti yang telah dilakukan Kweiya.;0
Dalam sekejap, ibu Kweiya berubah menjadi seekor burung. Dia segera terbang bersama Kweiya. Adik-adik tiri Kweiya ternyata menyaksikan ibunya dan Kweiya yang telah berubah menjadi burung. Mereka menyesali perbuatan jahatnya. Namun, penyesalan itu telah terlambat. Kweiya dan ibunya telah berubah menjadi burung yang kini dikenal sebagai burung cenderawasih.;0
Siti dan Lani bermain sepeda di taman dekat tempat tinggal mereka. Siti dan Lani bersyukur karena tempat tinggal mereka dekat dengan taman. Mereka bangga dengan lingkungan taman. Taman bersih terbebas dari sampah. Saat bermain sepeda, Siti memboncengkan Lani. Tiba-tiba ban sepeda Siti bocor. Lani  pun turun dari boncengan sepeda. Mereka akan membawa sepeda ke bengkel. Siti menuntun sepeda dan Lani mendorong sepeda dari belakang. Sepeda pun bisa bergerak maju. Itulah contoh hubungan gaya dan gerak benda. Bagaimana contoh hubungan gaya dan benda yang lainnya?;0
Siti dan Lani mencari bengkel sepeda untuk menambal ban sepeda. Siti merasa lapar. Tiba-tiba terdengar suara, ting. . . ting. . . ting. . . . Di seberang jalan terlihat penjual bakso dorong lewat.  Penjual bakso mendorong gerobaknya dan sesekali berhenti untuk membunyikan mangkok sebagai tanda bahwa ada bakso. Siti dan Lani sepakat untuk makan bakso dahulu. Mereka memanggil penjual bakso.N;0
Selesai melayani pesanan bakso Siti dan Lani, tukang bakso melanjutkan perjalanannya. Siti dan Lani memperhatikan gerobak bergerak maju karena dorongan tukang bakso. Begitu juga dengan sepeda, sepeda bergerak maju karena dituntun, didorong, dan dikayuh. Mendorong dan mengayuh merupakan gaya yang dapat menyebabkan gerobak dan sepeda bergerak. Berikut lebih lanjut pengetahuan tentang gaya  dan gerak.;0
Siti dan Lani sampai di bengkel sepeda. Sambil menunggu pekerja bengkel menambal ban sepeda, Siti dan Lani bercerita. Saat Siti asyik bercerita, tibatiba Lani berteriak sambil menunjuk ke atas. “Ada angsa terbang, cantik, ya” kata Lani. Siti menjadi teringat bahwa ia pernah membaca cerita fiksi Angsa dan Telur Mas.;0
Alkisah, ada seorang petani sederhana memiliki seekor angsa. Angsa yang dimiliki petani bukan sekadar angsa biasa, melainkan angsa yang cantik dan istimewa. Keistimewaannya adalah angsa milik petani menghasilkan telur emas. Petani senang memiliki angsa istimewa itu.  Setiap pagi petani bisa mengambil telur emas di kandang. Petani membawa telur emas dari angsa miliknya ke pasar. Petani menjual telur emas dengan harga tinggi. Dalam waktu singkat petani berubah menjadi kaya.;0
Kekayaan ternyata tidak membuat petani lebih bersyukur dan tetap rendah hati. Sebaliknya, kekayaan membuat petani serakah. Petani menginginkan angsa bisa menghasilkan telur emas lebih banyak lagi dalam waktu singkat. Petani tidak sabar dan ingin cepat menjadi orang kaya raya. Ketidaksabaran petani terhadap angsa miliknya muncul karena angsa hanya memberikan sebuah telur setiap hari. Petani merasa dia tidak akan cepat menjadi kaya dengan cara begitu.;0
Setiap hari sepulang dari pasar, petani menghitung uangnya. Suatu hari, setelah menghitung uangnya, sebuah gagasan muncul di kepala petani. Petani berpikir bahwa ia akan mendapatkan semua telur emas dalam diri angsa sekaligus dengan cara memotong angsa. Gagasan petani pun dilaksanakan. Betapa kaget dan sedihnya petani ketika tidak menemukan satu telur pun dalam perut angsa. Angsa istimewanya terlanjur mati dipotong. Hanya penyesalan yang bisa petani rasakan saat ini. Keinginan petani menjadi kaya raya semakin jauh dari angan-angannya.;0
Dalam sebuah kisah diceritakan ada sepasang suami istri yang sudah tua dan hidup sederhana, sebut saja kakek dan nenek. Mereka tinggal di gubuk reot di tepi pantai. Untuk memenuhi kebutuhan hidup sehari-harinya, kakek bekerja sebagai nelayan. Nenek di rumah mengerjakan pekerjaan rumah.;0
Seperti hari-hari biasa, pagi itu kakek pergi ke laut mencari ikan. Kakek mencari ikan menggunakan jala. Hampir seharian kakek menjala, tetapi kakek belum juga mendapat ikan. Hingga akhirnya, jala kakek bergerak kencang. Kakek segera mengangkat jalanya. Ternyata kakek mendapat seekor ikan mas kecil.;0
Alangkah terkejutnya kakek saat memegang ikan mas terdengar suara layaknya manusia. Suara itu berasal dari mulut ikan mas. Ternyata ikan mas hasil tangkapan kakek bisa berbicara. Ikan mas minta tolong kepada kakek untuk dilepas kembali ke laut. Sebagai imbalannya, ikan mas akan memenuhi segala permintaan kakek. Akibat rasa kaget, tanpa berpikir panjang kakek langsung melepas ikan mas kembali ke laut tanpa mengajukan permintaan apa pun.;0
Kakek pulang dengan tangan hampa karena seharian kakek tidak mendapatkan ikan. Tak pelak nenek yang sudah menunggu lama di rumah marah. Nenek bingung karena tidak ada yang bisa dimakan hari itu. Untuk menenangkan hati istrinya, kakek menceritakan pertemuannya dengan ikan mas ajaib yang bisa berbicara layaknya manusia dan berjanji mau memenuhi segala permintaannya. Mendengar cerita kakek, nenek tambah marah karena kakek tidak meminta apa pun dari ikan mas.;0
Padahal hidup mereka serba kekurangan, bak cucian lapuk, dan tinggal di gubuk reot. Nenek menyuruh kakek kembali ke laut dan mengajukan permintaan kepada ikan mas. Nenek menginginkan bak cucian yang baru. Akhirnya, kakek kembali ke laut dan meminta bak cucian baru kepada ikan mas. Sungguh ajaib, dalam waktu sekejap sudah ada bak cucian baru di depan rumah. Keajaiban itu, ternyata tidak membuat nenek bersyukur. Sebaliknya, nenek semakin serakah.;0
Nenek menyuruh kakek kembali ke laut untuk mengubah gubuk reotnya menjadi rumah baru tanpa ada kayu lapuknya. Kakek pun menuruti keinginan nenek. Kembalilah kakek ke laut menemui ikan mas dan menyampaikan keinginan istrinya. Lagi-lagi terjadi keajaiban, sepulang dari laut rumah kakek sudah berubah menjadi rumah baru tanpa ada kayu lapuknya.;0
Sang nenek masih saja tidak puas dengan rumah barunya. Banyak permintaan yang nenek ajukan. Mulai dari istana, menjadi penguasa provinsi atau gubernur, dan menjadi ratu. Semua sudah kakek sampaikan kepada ikan mas dan terkabulkan. Dasar manusia serakah, ia ingin meminta lebih. Akhirnya, nenek menyuruh kakek minta kepada ikan mas agar nenek menjadi dewi laut dan ikan mas menjadi pelayannya. Mendengar permintaan tersebut, ikan mas tidak menjawab apa pun dan langsung kembali berenang ke laut. Ketika kakek pulang ke rumahnya, ia tidak melihat lagi istana dan pelayan-pelayan istrinya. Kakek hanya melihat gubuk reot dengan dengan beberapa kayu lapuknya. Sementara nenek tampak duduk melamun memandangi bak cucian yang lapuk seperti sedia kala. Penyesalan atas keserakahan nenek pun tiada guna.;0
Alkisah hiduplah sepasang suami  istri yang sangat sederhana. Keduanya sangat merindukan anak, tetapi Tuhan mentakdirkan mereka tidak memiliki anak. Secara ekonomi, kedua petani sederhana itu jauh dari layak, sangat miskin sekali. Namun, semangat untuk bekerja mereka luar biasa. “Ya Tuhan, turunkan kepada kami rezeki dari langit. Kami ingin hidup layak” pinta Pak Petani dengan nada berharap.;0
Setelah berdoa di rumah, ia pun bergegas ke ladang. Walau ladang orang lain, ia tetap bekerja sepenuh hati demi bertahan hidup. Sang istri kadang ke sawah membantu, dan kadang di rumah. “Apa itu, kok ada benda jatuh dari langit ?” Pak petani itu kaget karena melihat sebuah benda jatuh ke sawah, tak jauh dari posisinya mencangkul. Karena penasaran, ia melihat sekeliling dan memastikan bahwa itu bukan perbuatan orang lain.;0
“Benda apa ya? Kok aneh, tidak ada angin dan hujan, tiba-tiba ada benda jatuh”. Ia pun memeriksa benda itu yang ternyata jatuh di antara padi di sawah. Ternyata benda itu sebuah kendi. Kendi itu tidak pecah karena jatuh dilumpur sawah. Pak Petani berusaha memeriksa isi kendi. “Ya Tuhan! Ternyata didalamnya ada logam emas !!! “ pekik Petani itu kaget bukan kepalang. Ia mengintip dari lubang kendi dan memang benar ada beberapa keping logam emas murni. Hati nuraninya bertempur, antara diambil atau dibiarkan saja. “Ini kan ladang majikanku, apapun yang ada di ladangnya adalah miliknya, aku tak akan mencuri sesuatu yang bukan hakku” ujar Petani itu sambil memegang kendi tanah liat yang berisi emas koin murni. Pak petani berhati baik. Ia tidak mengambil kendi yang berisi koin emas itu. Pak petani lalu membiarkan kendi pada posisi semula, di pojok sawah. Ia pun melanjutkan pekerja- annya, bercocok tanam di sawah itu.;0
Ketika sampai di rumah, Pak Petani menceritakan pengalaman anehnya saat berada di sawah. Istriya sangat terkejut dan agak marah karena menilai suaminya itu manusia terbodoh di dunia.  “Kenapa Bapak tak ambil saja kendi berisi koin emas itu?” “Jangan Bu, itu bukan hak kita. Segala sesuatu yang berada di tempat orang lain, apapun alasannya, tidak boleh kita ambil. Itu bukan milik kita” nasihat suaminya yang memang sangat jujur dan taat pada ajaran agama. Diam-diam, ada seorang ibu yang kebetulan mendengar percakapan petani itu dari balik dinding rumah, dan sang ibu itu sangat tertarik untuk mengambil kendi di sawah itu. Karena sudah malam, ia mengajak suaminya untuk ke sawah, tempat biasanya pak petani itu bekerja.;0
“Ayo Pak, kita cari kendi berisi koin emas itu, pasti masih ada di ladang, mumpung belum banyak orang tahu. Kan kita bisa langsung kaya Pak”. “Iya juga ya, ayo ayo, mumpung bulan purnama, pasti tak terlalu gelap di sawah. Bapak bawa senter juga” ujarnya sambil bernafsu untuk mengambil kendi itu. Sepanjang perjalanan, pasangan suami istri yang terkenal rakus itu tertawa dan berkhayal. Kelak ketika menemukan kendi berisi tumpukan koin emas itu, ia bisa membeli sawah, rumah, dan dapat uang banyak. Nafsu duniawinya sudah menguasainya.;0
“Dimana Bu kendinya, sawah seluas ini mana mungkin bisa kita telusuri, apalagi malam hari”. “Yang saya dengar tadi, katanya tak jauh dari pohon beringin Pak, pas di pokok sawah. Tapi … itu kan dekat dengan kuburan Pak” ujar istrinya agak ketakutan. “Tenang saja Bu, kan ada Bapak, ayo kita ambil bersama”. Keduanya lalu menuju pohon beringin yang kebetulan berdekatan dengan sawah. Setelah mencari beberapa lamanya, akhirnya pak petani berhati iri dan serakah itu menemukannya. “Bu, ini kendinya…. Ayo, Bu kita pergi dari sini. Kita buka di rumah saja” sarannya pada sang istri. Keduanya pun bersorak kegirangan. Tak terasa, sampailah ia di rumahnya, tetapi hari sudah sangat larut. Karena tak sabar dan terbakar rasa penasaran, akhirnya kedua petani serakah itu membalikkan kendi itu. Dan apa yang keluar dari kendi itu? “Haaaa! Kok isinya ular berbisa, mana koin emasnya Bu?”;0
Keduanya sangat kecewa dan sangat marah. Mereka capai ke sawah dan telah mencari di sana. Mereka hanya menemukan kendi berisi ular berbisa. “Kita ditipu Pak sama mereka. Ayo, Pak tutup lagi kendi itu dan taruh di depan pintu mereka, pasti besok mereka akan buka” usul sang istri yang juga sangat marah da terbakar balas dendam.;0
Singkat cerita, suami istri yang dengki itu menaruh kendi di depan pintu dengan harapan akan dipatuk ular berbisa. Dan keduanya pun pergi dengan perasaan penuh kedengkian. Pagi harinya, Pak Petani yang berhanti bersih itu kaget, karena menemukan kendi di depan pintu rumahnya. Karena merasa berada di rumahnya sendiri, ia pun berani mengambil dan memeriksanya. “Ibu … saya menemukan kendi yang kemarin aku ceritakan itu di depan pintu rumah. Ayo, kita periksa bersama”. “Aneh ya Pak, kok tiba tiba saja kendi yang berada di sawah itu ada di depan rumah. Jangan-jangan malaikat yang mengantarkannya”. Alangkah kagetnya kedua pasangan suami istri yang baik hati itu. besar dan indah. Sejak saat itu, pasangan suami istri itu hidup layak dan berkecukupan. Namun, mereka tetap baik hati.;0
Devina memiliki sebuah rumah pohon. Rumah pohon itu terletak di batang pohon jambu yang berada di taman rumahnya. Rumah pohon itu lumayan luas. Di dalam rumah pohon itu ada lemari kecil tempat bukubuku cerita, 5 buah bantal besar, 2 buah tikar, sebuah selimut, 3 buah foto keluarga, dan kotak perlengkapan. Jika sedang murung, Devina lebih memilih berdiam diri di rumah pohonnya itu sampai sore. Kadang, dia juga menginap di rumah pohonnya bersama teman-temannya sambil mengadakan pesta.;0
Suatu siang, Devina mengajak Ira, Ovi, Tata, dan murid baru di kelasnya, Jenny, untuk mengadakan pesta di rumah pohonnya. Tentu saja mereka menerima ajakan itu dengan senang hati. Kebetulan, besok sekolah libur karena para guru akan rapat. Sore hari, teman-teman Devina datang. Mereka pun mengadakan pesta jambu sampai malam berganti pagi. Teman-teman Devina segera pulang ke rumahnya masing-masing. Sebelum pulang, mereka berbincang-bincang dulu. ”Rasanya, aku ingin memiliki rumah pohon yang banyak,” ucap Jenny. “Ya, aku juga. Bagaimana kalau kita membuat taman yang berisi banyak pohon.;0
Di setiap pohon disediakan rumah pohon untuk para pengunjung. Ya, semacam tempat wisata,” usul Ira. ”Kita tidak bisa melakukannya. Kita butuh orang dewasa misalnya, orang tua kita. Nanti aku akan bicara kepada Mama dan Papa,” balas Devina. Seperti janjinya, Devina mengutarakan usul Ira tadi kepada kedua orang tuanya. Orang tuanya pun setuju dan segera membeli sebuah tanah yang tidak terlalu besar, tapi cukup untuk beberapa pohon.Tak hanya itu, orang tua Devina juga membeli alat-alat untuk membuat rumah pohon serta bibit pohon. Orang tua Devina hanya membantu mengeluarkan uang. Sedangkan urusan menata dan membangun rumah pohon, dikelola Devina dan teman-temannya.;0
1 tahun kemudian .... Taman Rumah Pohon resmi dibuka untuk umum. Tanahnya diperbesar dan barang-barang lain juga ditambahkan. Barang-barang ditambahkan bukan hanya oleh orang tua Devina, tetapi juga orang tua masing-masing teman Devina. Di hari pertama, Taman Rumah Pohon tidak memungut biaya apapun karena itu adalah hari Taman Rumah Pohon diresmikan. Banyak orang berdatangan ke Taman Rumah Pohon karya Devina dan teman-temannya. “Harapanku, Taman Rumah Pohon akan semakin terkenal dan semakin banyak pengunjungnya,” ucap Devina.;0
Liburan kenaikan kelas Buyung berlibur di rumah Paman Abua. Paman Abua tinggal di Masohi, Maluku Tengah. Masohi adalah kota kecil di Kepulauan Seram. Penduduk asli di Kota Masohi adalah suku bangsa Alifuru. Akan tetapi, banyak pendatang yang tinggal di Kota Masohi, seperti Bibi Siti, istri Paman Abua. Paman Abua memiliki seorang anak laki-laki yang bernama Pelupessy.  Pelupessy seumuran dengan Buyung. Inilah yang membuat Buyung betah tinggal di rumahnya. Buyung memiliki teman sepantaran yang diajak bermain.;0
Selain itu, setiap pagi Buyung diajak Pelupessy ke pantai. Letak pantai hanya beberapa kilometer dari rumah paman. Biasanya, mereka naik sepeda menuju pantai sambil menghirup udara segar. Buyung senang karena setiap hari dapat menikmati keindahan alam bersama Pelupessy. “Udara pagi ini sangat segar, Yung?” kata Pelupessy. “Emmmm…, segar sekali, Pelu,” teriak Buyung sambil mengayuh sepedanya di pinggir pantai. “Ayo, kita ke ujung sana, Pelu!” kata Buyung kepada Pelupessy. Pelupessy segera menyusul Buyung. Mereka berdua berlomba mengayuh sepeda. Sampai di ujung pantai tiba-tiba Buyung menghentikan sepedanya. Saat itu terjadi gesekan antara karet rem sepeda dengan pelek sepeda.;0
“Pelu, lihat apa yang dibawa orang itu!” kata Buyung kepada Pelupessy. Pelupessy pun segera memperhatikan orang yang ditunjuk Buyung. “Terumbu karang!” kata Pelupessy dengan terkejut. “Mengapa ia mengambil terumbu karang itu, Pelu? Bukankah perbuatannya mengancam habitat laut?” tanya Buyung. “Iya. Perbuatannya sangat mengancam kelestarian alam bawah laut. Orang itu hanya mementingkan kesenangannya sendiri,” kata Pelu kepada Buyung dengan wajah sedih. “Sudah jangan sedih. Lebih baik, kita sekarang pulang. Bibi Siti nanti bingung mencari kita,” ajak Buyung. Pelupessy dan Buyung kembali mengayuh sepeda.;0
Sepanjang perjalanan pulang, Buyung memperhatikan lingkungan alam di Masohi. Daerah Masohi merupakan daerah pantai yang landai. Daerah ini merupakan lahan bagi masyarakat untuk mencari ikan. Menurut pengamatan Buyung, sebagian besar penduduk di Masohi bekerja sebagai nelayan. Mereka menangkap ikan di sekitar Kepulauan Seram. Namun, ada juga masyarakat yang melakukan pekerjaan seperti membuat jaring, mengangkut alat-alat penangkapan ikan ke dalam perahu atau kapal motor, dan mengangkut ikan dari perahu atau kapal motor. Tentu, mereka tidak dapat dikategorikan sebagai nelayan.;0
Selain menangkap ikan, masyarakat Masohi juga melakukan budi daya mutiara dan rumput laut. Jika musim panen tiba, mereka menyelam untuk mengambil mutiara dan rumput laut. Seperti halnya dengan penduduk Masohi lainnya, Paman Abua bekerja di laut. Paman seorang pelaut ulung. Paman Abau menggunakan alat rompong (Fish Aggregation Device) sebagai sarana pengumpul ikan. Ikan yang sudah berkumpul di rompong, lalu ditangkap dengan jaring jenis purse sein. Selain mencari ikan, Paman Abua memiliki usaha budi daya rumput laut. Bibi Siti membantu usaha Paman Abua untuk merawat rumput laut. Usaha yang ditekuni Paman Abua mampu mencukupi kebutuhan keluarga.;0
Sesampai di rumah, Buyung melihat Bibi Siti memilah rumput laut. Bibi memisahkan rumput laut yang kurang bagus dan meletakkan dalam karung bekas. “Buyung, capai tidak?” tanya Bibi Siti sambil tersenyum. “Tidak, Bi. Buyung tidak capai. Baru saja Buyung naik sepeda bersama Pelupessy ke tepi pantai,” jawab Buyung. “Ayo, bantu bibi  menjemur rumput laut ini,” kata Bibi Siti sambil memilih rumput laut yang rusak. “Iya, Bi. Ayo, Pelu kita jemur rumput laut ini bersama-sama,” kata Buyung kepada Pelu yang sedang memasukkan sepeda.;0
“Siap!” teriak Pelupessy. Keduanya kemudian mengangkat rumput laut sedikit demi sedikit dan meletakkannya di atas para-para. Saat Buyung dan Pelupessy mengangkat rumput laut, mereka menggunakan kekuatan otot tangan. Rumput laut perlu dijemur agar kering. Setelah kering, rumput laut itu baru laku untuk dijual. “Pelu, udara di daerah ini panas, ya?” kata  Buyung. “Iya, Buyung. Kan kamu sudah tahu jika di daerah pantai suhu udaranya panas. Masyarakat di daerah ini biasanya mengenakan pakaian terbuka, seperti kaus dan celana pendek. Suhu udara di daerah ini berbeda dengan suhu udara di dataran tinggi. Biasanya masyarakat di dataran tinggi berpakaian tertutup  karena karena suhu udara di pegunungan dingin,” Pelupessy memberi penjelasan kepada Buyung.;0
“Iya, iya, saya paham penjelasan Profesor Pelupessy!” jawab Buyung sambil tertawa. Pelupessy melempar beberapa ranting rumput laut ke arah Buyung. Secepat kilat Buyung menghindar serangan Pelupessy.  “Sudah, sudah. Ayo, selesaikan dahulu pekerjaan ini! Setelah itu, kalian membersihkan diri dan sarapan, ” kata Bibi Siti. “Iya, Bi,” kata Buyung. Sarapan sudah tersaji di ruang tengah. Buyung, Pelupessy, dan Bibi Siti bersiap makan.;0
Saat itu, tampak Paman Abua pulang. Setelah membersihkan diri, Paman Abua bergabung bersama untuk sarapan. Setelah makan bersama, kami duduk di depan rumah sambil menunggu jemuran rumput laut. Paman Abua bercerita kepada kami tentang kegiatannya melaut semalam. Kami mendengarkan cerita paman. Sesekali Buyung, Pelupessy, atau Bibi menanggapi cerita paman Abua. Buyung sangat bangga dengan kegigihan dan keberanian Paman Abua saat melaut. Buyung sangat senang dengan kesederhanaan keluarga Paman Abua. Wajar, jika liburan tiba Buyung ingin selalu kembali ke Masohi, kota kecil di Kepulauan Seram.;0
“Ting.., ting.., ting.., ting.., bakso, bakso!” teriak si penjual bakso. Penjual bakso mendorong gerobaknya. Gerobak bergerak ke depan karena adanya gaya dorong. Saat mendorong gerobak, penjual bakso menggunakan kekuatan otot tangan dan kaki. “Ting.., ting.., ting.., ting.., ting…, bakso, bakso!” teriak si penjual bakso itu kembali. Sesekali ia menoleh ke kanan atau ke kiri mencari calon pembali. Penjual bakso itu bernama Harno, asli Wonogiri.;0
Harno sudah merantau di Ibukota Jakarta selama belasan tahun. Harno sudah hafal gang-gang kecil dan sempit yang ia lalui saat berjualan bakso. Harno sosok penjual bakso ulet dan tahan banting. Buktinya, ia mampu membeli rumah kecil di pinggiran Kota Jakarta. Ia pun mengajak keluarga kecilnya hidup di Kota Jakarta. Tinggal di kota besar berbeda dengan tinggal di desa. Harno dan istrinya harus lebih giat bekerja untuk mencukupi kebutuhan hidup dan sekolah anak semata wayangnya. Di persimpangan jalan Harno melihat seseorang melambaikan tangan ke arahnya. Bergegas ia mendorong gerobaknya lebih cepat.;0
“Satu mangkuk, Bang!” kata anak muda itu. “Ya, Mas. Tunggu sebentar, ya?” jawab Harno sambil menghentikan gerobaknya. Harno kemudian menyiapkan semangkuk bakso pesanan anak muda itu. Saat tutup panci dibuka, uap dari kuah bakso mengepul. Aroma bakso mengunggah selera si pembeli. Harno menuangkan beberapa sendok kuah ke dalam mangkuk. “Ini, Mas, baksonya. Silakan dilengkapi sendiri untuk kecap, sambal, atau sausnya,” kata Harno dengan ramah. “Iya, Bang. Terima kasih,” kata anak muda. Kemudian, ia menuangkan kecap, saus, dan sambal ke dalam mangkuknya.;0
Setelah mengadukaduk isi mangkuk, anak muda menyantap bakso dengan lahap. “Ini, Bang, uangnya!” kata anak muda sambil menyerahkan uang dua puluh ribuan. “Sebentar, Mas, uang kembaliannya!” Harno bergegas mencari lalu memberikan uang kembalian kepada anak muda tersebut. “Bang, bengkel terdekat di daerah ini di mana, ya?” Tanya anak muda kepada Harno. “Paling dekat sekitar dua kilometer lagi, Mas!” jawab Harno. Harno kemudian menjelaskan letak bengkel kepada anak muda tersebut. Anak muda mengangguk-anggukkan kepala tanda paham dengan penjelasan Harno.;0
“Mobil milik Mas mogok?” tanya Harno. “Iya, ini, Bang. Sudah satu jam saya coba memperbaiki sendiri, tetapi tetap tidak bisa menyala mesinnya. Saya sampai merasa lapar, lalu memanggil Abang tadi,” kata anak muda. “Coba, saya dorong, Mas. Siapa tahu bisa menyala mesinnya. Kalau bisa menyala, Mas bisa membawa mobil ini ke bengkel terdekat,” usul Harno. “Abang mau mendorong mobil saya?” Tanya si anak muda agak heran. “Ya, mau tho, Mas. Apa salahnya membantu. Toh, jalan di kota ini datar, tidak menanjak seperti di daerah pegunungan,” kata Harno. “Benar, Bang? Kalau begitu, mari kita coba,” kata anak muda itu dengan gembira. Harno mencoba mendorong mobil. Anak muda itu mencoba menyalakan mesin. Harno beberapa kali mendorong mobil dan anak muda menyalakan mesin.;0
Mobil hanya bergerak ke depan beberapa meter. Mobil bergerak karena Harno memberikan kekuatan dari belakang mobil.  Mobil yang mogok dapat bergerak ke depan beberapa meter karena didorong oleh Harno.  Dorongan memengaruhi gerak mobil. Setelah dicoba berulang kali, akhirnya mobil bisa bergerak maju. Mesin mobil menyala. Anak muda dan Harno tampak gembira. “Sudah, menyala, Mas. Silakan langsung menuju bengkel,” kata Harno dengan senyum kepuasan. “Maaf, ini, Bang. Uang sukarela dari saya,” kata anak muda sambil menyerahkan selembar uang. Harno mengangkat kedua tangannya, “Tidak usah, Mas. Silakan menuju bengkel.” “Terima kasih, ya, Bang! Terima kasih telah membantu mendorong mobil saya,” teriak anak muda sambil tersenyum gembira. “Iya, sama-sama,” kata Harno sambil melambaikan tangan. Harno merasa senang dan lega. Harno membantu anak muda itu dengan ikhlas. Harno tidak mengharapkan imbalan dari anak muda tersebut.;0
“Ting.., ting.., ting.., ting..,  bakso, bakso!” Harno kembali memukul mangkuk sambil berteriak menarik calon pembeli. Harno mendorong gerobaknya perlahan-lahan. Harno berjalan hingga sampai di tanah lapang tepian kampung. Udara sore itu tidak begitu panas. Tampak beberapa anak bermain bola di tanah lapang tersebut. “Ting.., ting.., ting.., ting.., bakso, bakso!” teriak Harno dari tepi tanah lapang. Harno beristirahat di tepi tanah lapang. Harno memperhatikan anak-anak yang bermain sepak bola. Awalnya, bola diam tidak bergerak.;0
Kemudian, bola bergerak karena ada pemain yang menendang. Bola tersebut dapat bergerak karena adanya gaya otot dari pemain tersebut. Saat pemain lawan hendak memasukkan bola ke gawang, kiper berhasil menangkap bola. Bola yang sedang melayang dapat berhenti dan diam dalam dekapan kiper. Harno terhibur oleh permainan bola anak-anak tersebut. Keasyikan Harno menonton sepak bola terhenti. Harno menoleh ke arah sumber suara. “Serrr.., serrr..,  serrr...,!” tampak anak perempuan melintas di depan Harno. Anak perempuan tersebut bermain sepatu roda. Suara itu muncul karena adanya dua benda yang saling bergesekan.;0
Kedua benda yang bergesek adalah roda sepatu dan jalan aspal. Beberapa kali anak perempuan itu melintas di depan Harno. Tiba-tiba Harno mendengar suara seperti benda jatuh. “Brukk…!” anak perempuan yang bermain sepatu roda itu jatuh. Harno mendekati anak perempuan tersebut. Anak perempuan itu tampak meringis menahan sakit. “Boleh Abang bantu, Dik?” Harno menawarkan bantuan. Anak perempuan itu mengangguk. Harno membantu anak perempuan itu berdiri. “Hati-hati, ya, kalau bermain sepatu roda. Pelan-pelan saja, tidak usah terlalu kencang.” Harno memberi nasihat kepada anak perempuan itu. Anak perempuan itu tersenyum dan meninggalkan Harno.;0
Di areal persawahan seorang petani tampak berdiri sambil memandangi tanaman jagung. Sudah sebulan lebih tanaman jagung tersebut ia tanam. Kini tanaman jagung itu sudah mulai tampak menghijau. Setelah berkeliling di antara petak-petak sawahnya, matanya terhenti pada rumput-rumput liar di antara tanaman jagung. Tanpa menunggu lama, Pak Saleh menyingsingkan lengan bajunya. Ia turun ke sawah dan menyiangi rerumputan di sela tanaman jagung. Panas matahari kian menyengat. Sesekali Pak Saleh menyeka mukanya dengan lengan baju. Ia tak memedulikan panas yang membakar kulitnya. Ia terus membersihkan rumput-rumput pengganggu. Tanpa terasa azan zuhur berkumandang dari kejauhan. Ia terhenti sejenak, kemudian melangkah ke tepi sawah. Ia berjalan menyusuri pematang dan berhenti di sebuah gubug kecil di tengah sawah. Sebuah botol minuman ia raih.  Sambil melepas lelah, ia menikmati hamparan hijau di bawah birunya langit. Nun jauh di sana tampak perbukitan hijau.;0
“Istirahat, Pak Saleh?” terdengar suara mendekati gubug tempat Pak Saleh istirahat. “Iya, Pak Jati. Mari, istirahat di sini dahulu sebelum pulang,” ajak Pak Saleh kepada Pak Jati. Pak Jati duduk bersama Pak Saleh di gubug tersebut. “Pak Saleh, apakah Bapak tahu akan ada kontes jagung di Kecamatan Witahama?” kata Pak Jati. “Iya, Pak. Saya sudah mendaftar di kantor kelurahan. Apakah Pak Jati turut serta dalam kontes tersebut?” tanya Pak Saleh.;0
“Tidak, Pak. Tahun ini saya tidak menanam jagung. Saya tidak bisa turut serta. Saya doakan semoga Pak Saleh memenangkan kontes tersebut,” kata Pak Jati. “Amin, terima kasih doanya, Pak. Saya tidak berharap menjadi pemenang. Yang terpenting saya berpartisipasi dan memperoleh pengalaman dalam kontes tersebut,” kata Pak Saleh. Beberapa minggu kemudian, Pak Jati bertemu dengan Pak Saleh di sawah. Tampak Pak Saleh sedang menyiangi rumput. Otot-otot tangan Pak Saleh terlihat kuat saat mencabuti rumput liar.;0
“Selamat, Pak Saleh! Anda memang pantas terpilih menjadi petani jagung terbaik. Saya bangga Anda membawa nama baik desa kita,” teriak Pak Jati. “Terima kasih, Pak Jati. Semua ini berkat doa Anda dan para tetangga yang lain,” kata Pak Saleh dengan rendah hati. “Banyak orang penasaran, bagaimana cara Anda merawat tanaman jagung tersebut?” tanya Pak Jati. “Ada-ada saja. Saya merawat tanaman jagung sama seperti yang lain. Tapi, saya memiliki resep rahasia untuk tanaman jagung saya,” jelas Pak Saleh. “Pupuk rahasia?” tanya Pak Jati dengan penasaran. “Bukan, Pak. Bukan  pupuk rahasia, tapi resep rahasia. Tapi apakah orang-orang percaya kalau saya memiliki resep rahasia?” kata Pak Saleh. “Apa resep rahasia itu, Pak Saleh?” tanya Pak Jati penuh harap. “Saya hanya membagikan benih-benih jagung terbaik kepada petani-petani di sekitar sawah ini,” kata Pak Saleh sambil tersenyum.;0
“Lo, benih  jagung terbaiknya kok malah diberikan ke petani lain?”  “Itu dia kuncinya.  Tanaman jagung punya serbuk sari dan putik kan, Pak?” “Iya, Pak. Lantas?” tanya Pak Jati kembali. “Angin menerbangkan serbuk sari dari bunga-bunga yang masak. Kemudian, angin menebarkannya dari satu sawah ke sawah lain.” “Wah, Pak Saleh memang cerdas!” puji Pak Jati. “Coba bayangkan jika tanaman jagung di sawah sebelah ini buruk, maka serbuk sari yang ditebarkan ke sawah saya pun juga buruk. Ini tentu menurunkan kualitas jagung di sawah saya.” Terang Pak Saleh kepada Pak Jati.;0
“Musim tanam yang akan datang, saya akan coba resep Pak Saleh,” kata Pak Jati. “Begitu pula dengan hidup kita, Pak. Jika kita ingin menjadi petani yang berhasil, kita harus menolong orang sekitar menjadi berhasil pula. Mereka yang ingin hidup dengan baik harus menolong orang di sekitarnya untuk hidup dengan baik pula,” kata Pak Saleh kepada Pak Jati. Pak Jati tersenyum mendengar perkataan dari Pak Saleh. Angin sepoi-sepoi menerpa kedua wajah petani ini. Mereka tampak menikmati udara dan pemandangan hijau di sawah mereka.;0
Dita dan keluarga tinggal di lereng Gunung Arjuna, Kabupaten Malang. Ayah Dita seorang petani sayur. Potensi tanah subur dan berhumus membuat Ayah Dita dan penduduk lain di daerah tersebut memanfaatkan lahan secara optimal. Jadi, sebagian besar masyarakat di lereng Gunung Arjuna memiliki pekerjaan sebagai petani sayuran. Setiap pagi Ayah Dita dan warga lain pergi ke ladang untuk merawat tanaman sayur mereka. Mereka melakukan pembibitan, pemupukan, hingga pengairan dengan baik. Untuk pengairan mereka memanfaatkan air irigasi dari Sungai Lanang, irigasi Sudimoro, dan Watu Gugut.;0
Menjadi petani sayuran adalah pilihan hidup dan identitas diri bagi Ayah Dita. Tak terkecuali bagi masyarakat di lereng Gunung Arjuna. Mereka mencintai pertanian. “Mengapa Ayah memilih sebagai petani sayuran?” Tanya Dita suatu hari. “Dita, bekerja di ladang sudah Ayah jalani sejak remaja. Dahulu Ayah selalu membantu kakekmu bekerja di ladang. Bekerja sebagai petani sayur itu sangat membanggakan,” jawab Ayah Dita. “Bangga?” Tanya Dita seperti tak percaya.;0
“Iya. Kamu tidak percaya, kan?” Tanya Ayah Dita. Dita terdiam sambil mengelengkan kepala. Dita tidak paham maksud ayahnya. “Dita, kamu perlu ketahui bahwa semua orang sangat menanti hasil keringat Ayah. Kamu tahu kan hasil keringat Ayah itu apa?” Tanya Ayah kepada Dita. “Sayuran?” Tanya Dita ragu-ragu. “Iya, Nak. Setiap hari banyak orang ingin mengonsumsi  sayuran. Sayuran adalah makanan yang menyehatkan bagi tubuh,” kata Ayah kepada Dita. Tampak Dita mengangguk-anggukan kepala. “Kalau Dita mau, ayo sekarang ikut Ayah ke ladang. Hari ini Ayah akan memanen wortel dan tomat. Dita bisa melihat kegiatan di ladang milik Ayah.” “Iya. Dita mau Ayah. Ayo, kita pergi ke ladang sekarang,” kata Dita.;0
“Baiklah, Ayah siap-siap dahulu. Jangan lupa membawa air minum, ya? Kata Ayah sambil memakai topi. Dita mengambil topi dan botol minuman. Setelah semua siap, Ayah dan Dita berangkat menuju ladang. Udara di desa tempat tinggal Dita sejuk. Keberadaannya di atas permukaan air laut membuat desa tempat tinggal Dita memiliki hawa dingin.  Menjelang malam hari, desa ini jauh dari hiruk pikuk dan polusi udara. ;0
Beberapa saat kemudian, Ayah dan Dita sampai di ladang. Ternyata, Ayah sudah ditunggu beberapa orang yang akan membantu beliau. “Dita, itu beberapa orang yang akan membantu Ayah. Ada yang bertugas memanen sayuran, ada yang bertugas memanggul hasil panen ke aliran sungai untuk dicuci, dan ada yang membantu memindahkan sayuran ke atas mobil pengangkut. Mereka semua orang-orang yang sudah terlatih. Mereka memiliki otot kuat untuk melakukan pekerjaanpekerjaan tersebut,” terang Ayah kepada Dita. Dita mendengarkan penjelasan ayahnya. Dita mendengarkan perkataan Ayah sambil memperhatikan orang-orang yang bekerja.;0
“Lantas, sayuran itu akan dibawa ke kota, Yah?” Tanya Dita. “Hasil panen ini akan dibawa sopir dengan mobil pengangkut menuju pasar induk. Pasar induk ada di kota. Sayuran Ayah sudah dinanti pembeli di pasar induk. Pembeli-pembeli itu akan menjual kembali sayuran tersebut kepada para penjual di pasar tradisional. Di pasar tradisional sayuran ini akan dibeli oleh masyarakat umum. Mereka dapat menikmati hasil keringat Ayah, Dita.” Kata Ayah kepada Dita. “Apakah ini yang dimaksud Ayah bahwa hasil keringat Ayah dinantikan banyak orang?” Tanya Dita sambil tersenyum.;0
“Kamu memang pintar, Nak. Kamu sudah paham maksud Ayah,” kata Ayah. “Ayah, bolehkan Dita tanya sesuatu?” Tanya Dita agak takut. “Apa itu, Nak?” Kata Ayah “Apakah Ayah yakin sayuran hasil keringat Ayah akan terus laku?” “Harus optimis dong, Dita. Kita harus berusaha sebaik mungkin untuk menghasilkan sayuran dengan kualitas bagus. Jaga kualitas produksi sayuran di ladang ini. Itu salah satu kunci agar sayuran kita laku di pasaran. Bahkan, dinantikan konsumen,” kata Ayah “Bagaimana caranya, Ayah?” tanya Dita.;0
“Kita harus merawat tanaman sayuran tersebut dengan baik. Jangan malas ke ladang untuk memeriksa tanaman sayuran. Berikan pupuk dan air secukupnya. Jika kekurangan atau berlebih dalam memberikan pupuk, akan merusak pertumbuhan tanaman sayuran. Tapi tidak usah khawatir, kesuburan tanah dan air yang mengalir setiap saat di daerah ini sudah sangat membantu  perkembangan tanaman sayuran di ladang Ayah.” Dita mendengarkan penjelasan Ayah dengan saksama.;0
Dalam hati Dita merasa bangga dengan ayahnya yang bekerja sebagai petani sayuran. Ayah tak kenal lelah bekerja untuk menghasilkan sayuran berkualitas yang sangat dibutuhkan masyarakat. Walaupun harga sayuran terkadang anjlok, Ayah dan masyarakat lain tetap menggantungkan hidupnya sebagai petani sayuran. Satu pelajaran yang dapat Dita ambil dari ayahnya adalah apa pun pekerjaan kita harus dilakukan dengan tekun dan sepenuh hati.;0
